{
  "model": "base-patch16-224",
  "text_embeddings": {
    "a photo of a cat": {
      "size": 768,
      "first_5": [
        -0.011983467163632036,
        0.0007587339048943034,
        -0.009031220322816563,
        0.011290942155162407,
        0.35012222637307017
      ],
      "last_5": [
        -0.01479955458541391,
        -0.00842727643703597,
        -0.02371710187504623,
        -0.007892613378330917,
        -0.049449439095385336
      ]
    },
    "a photo of a dog": {
      "size": 768,
      "first_5": [
        -0.011897532891256175,
        0.010257618123749932,
        0.005089785746253634,
        0.005841294674404928,
        0.3445792785734017
      ],
      "last_5": [
        -0.008331118496935925,
        0.012250138652015359,
        -0.02407987512932675,
        -0.023702229744445677,
        -0.031057494738254483
      ]
    }
  },
  "image_embeddings": {
    "cat": {
      "size": 768,
      "first_5": [
        -0.00572477395805744,
        0.0006247664211634576,
        -0.012909367539225591,
        -0.00018853955842397995,
        0.027489737215339576
      ],
      "last_5": [
        0.003180547177949448,
        -0.00237679813098806,
        -0.017663786113458396,
        0.02197849523465035,
        -0.03461392510865211
      ]
    },
    "dog": {
      "size": 768,
      "first_5": [
        -0.0070476812102087975,
        0.03613599304981804,
        -0.003981722504527323,
        0.0025015040150571477,
        0.031758534975861216
      ],
      "last_5": [
        0.009471075700654938,
        0.03254834009179949,
        -0.006018316698473184,
        -0.00329676413104392,
        -0.0062744089217249745
      ]
    }
  },
  "similarities": {
    "cat_text_cat_image": 0.14034991120345872,
    "cat_text_dog_image": 0.04463931602011201,
    "dog_text_cat_image": 0.07822693985496848,
    "dog_text_dog_image": 0.1121890674634014
  }
}